17, 214, 216, 217, 220, 221, 237, 238, 249, 250, 251, 252, 256, 257, 258, 259, 260, 261, 265, 266, 268, 270, 271, 278, 279, 282, 285, 286, 288, 292, 295, 296, 297, 353
19, 20, 25, 43, 221, 228, 229, 241, 242, 243, 246, 247, 250, 252, 253, 256, 261, 262, 267, 269, 274, 275, 284, 294, 295, 298, 299, 303, 304
49, 50, 51, 52, 53, 55, 56, 57, 58, 91, 92, 93, 221, 234, 235, 238, 239, 258, 261, 262, 265, 266, 269, 270, 271, 275, 281, 283, 284, 294, 295, 306, 307
27, 28, 29, 200, 201, 223, 224, 229, 230, 241, 242, 250, 254, 283, 285, 287, 288, 295, 325, 326, 333, 334, 361
220, 221, 222, 229, 238, 241, 242, 244, 245, 246, 249, 250, 251, 252, 253, 254, 256, 257, 258, 259, 260, 261, 263, 265, 266, 267, 272, 277, 281, 282, 283, 284, 292, 305, 309, 310, 317, 318, 320, 321, 322, 323, 325, 328, 329, 330, 331, 332, 333, 338, 339, 342, 343, 344, 345, 348, 350, 351, 362, 364, 365
0, 1, 3, 4, 6, 12, 59, 60, 64, 240, 242, 243, 244, 246, 247, 248, 249, 250, 251, 252, 253, 254, 258, 261, 264, 267, 281, 283, 284, 293, 294, 295, 296, 297, 301, 302, 303, 304, 305, 306, 307, 308, 309, 310, 311, 313, 315, 316, 318, 322, 323, 326, 330
3, 4, 90, 226, 230, 231, 239, 240, 241, 242, 243, 244, 245, 248, 249, 250, 253, 254, 257, 258, 265, 266, 272, 274, 275, 276, 277, 278, 279, 280, 286, 287, 290, 291, 293, 294, 295, 296, 300, 303, 304, 307, 316, 318, 320, 321, 322, 323, 324, 325, 326, 330, 333, 334, 340, 341, 342, 343, 344, 345, 346, 347, 348, 350, 351, 359, 365
18, 22, 23, 126, 127, 218, 220, 226, 238, 239, 241, 242, 245, 246, 247, 248, 249, 250, 251, 252, 257, 258, 259, 260, 263, 264, 269, 272, 275, 276, 279, 285, 289, 290, 292, 294, 295, 297, 298, 299, 301, 305, 307, 308
34, 47, 48, 49, 54, 57, 59, 104, 105, 107, 108, 116, 122, 123, 125, 144, 176, 177, 208, 209, 213, 214, 238, 239, 240, 241, 244, 247, 248, 250, 252, 255, 256, 258, 261, 262, 263, 271, 274, 275, 280, 320, 322, 323, 324, 331, 332, 333, 334, 335, 337, 338, 339, 342, 351, 352, 359, 363
0, 1, 3, 58, 59, 84, 220, 225, 226, 227, 234, 235, 238, 242, 243, 244, 245, 246, 247, 249, 250, 253, 254, 255, 256, 259, 260, 261, 262, 263, 267, 272, 275, 276, 277, 283, 284, 285, 286, 287, 288, 289, 293, 295, 296, 300, 304, 305, 306, 307, 313, 314, 315, 316, 317, 318, 319, 321, 322, 329, 336
39, 40, 66, 67, 74, 75, 76, 214, 226, 227, 240, 241, 243, 244, 249, 250, 251, 252, 253, 254, 255, 256, 258, 259, 260, 265, 268, 269, 278, 279, 280, 285, 291, 293, 294, 296, 321, 328, 344, 352, 362
7, 8, 9, 10, 11, 12, 13, 14, 15, 16, 17, 18, 21, 22, 23, 24, 30, 36, 43, 44, 47, 54, 94, 95, 96, 220, 222, 223, 226, 227, 234, 240, 246, 249, 250, 255, 256, 257, 258, 259, 260, 261, 262, 264, 267, 268, 269, 270, 271, 273, 274, 275, 295, 298, 299
0, 73, 122, 130, 214, 217, 230, 234, 236, 239, 240, 243, 244, 245, 246, 248, 249, 252, 253, 256, 257, 258, 263, 264, 265, 266, 267, 268, 269, 270, 271, 272, 273, 274, 275, 277, 278, 279, 280, 281, 284, 307, 308, 336, 357
7, 69, 90, 117, 206, 216, 223, 224, 228, 230, 234, 235, 236, 237, 238, 239, 240, 241, 242, 243, 248, 251, 252, 253, 254, 255, 258, 259, 260, 261, 262, 263, 265, 266, 267, 268, 269, 271, 272, 279, 287, 288, 290, 291, 292, 293, 301
2, 7, 14, 17, 18, 96, 107, 214, 221, 236, 237, 238, 239, 240, 241, 242, 244, 245, 246, 247, 248, 249, 250, 251, 252, 254, 255, 256, 257, 258, 259, 260, 261, 262, 263, 264, 265, 266, 267, 268, 269, 270, 271, 272, 273, 274, 275, 276, 277, 278, 279, 280, 281, 283, 284
0, 7, 10, 11, 34, 35, 36, 39, 44, 107, 125, 142, 154, 186, 202, 213, 223, 228, 231, 232, 236, 243, 245, 246, 247, 252, 256, 258, 259, 261, 262, 263, 265, 266, 267, 269, 270, 271, 272, 273, 274, 275, 276, 277, 278, 279, 280, 281, 283, 284, 285, 286, 287, 290, 291, 292, 294, 295, 297
0, 10, 11, 34, 35, 36, 39, 40, 44, 142, 178, 193, 199, 202, 205, 206, 213, 219, 222, 223, 224, 225, 228, 235, 236, 243, 245, 251, 253, 254, 256, 258, 259, 261, 262, 263, 264, 265, 266, 271, 272, 273, 275, 276, 277, 278, 279, 280, 281, 282, 283, 284, 285, 286, 287, 290, 291, 292, 294, 295, 297, 338, 339, 340
12, 13, 37, 39, 40, 44, 178, 193, 202, 205, 206, 210, 219, 220, 222, 224, 225, 227, 228, 234, 238, 239, 243, 244, 245, 246, 248, 250, 251, 252, 254, 255, 256, 258, 259, 261, 262, 263, 264, 265, 266, 267, 268, 270, 271, 272, 273, 274, 275, 276, 278, 279, 280, 281, 282, 285, 286, 288, 292, 294, 295, 297, 298, 302, 303
241, 242, 243, 245, 246, 252, 255, 256, 257, 258, 259, 262, 267, 268, 270, 271, 284, 289, 290, 293, 302, 303, 360, 361, 363, 364, 365
30, 39, 40, 41, 42, 43, 44, 51, 52, 53, 54, 55, 59, 60, 67, 68, 227, 235, 236, 237, 238, 241, 243, 244, 245, 246, 248, 249, 250, 251, 252, 254, 255, 257, 258, 259, 260, 261, 262, 263, 264, 265, 266, 268, 269, 270, 274, 275, 285, 301, 302, 303, 304, 360, 361, 362, 363, 364, 365
29, 219, 220, 244, 245, 246, 247, 249, 250, 254, 255, 256, 257, 258, 261, 262, 263, 264, 265, 268, 271, 272, 273, 274, 275, 276, 277, 278, 281, 282, 285, 286, 288, 289, 301, 302, 303, 304, 305, 306, 307, 309, 310, 311, 312, 314, 315, 319, 320, 322, 323
2, 7, 230, 241, 242, 243, 247, 249, 250, 253, 254, 255, 256, 257, 265, 268, 269, 270, 271, 277, 278, 281, 285, 286, 287, 288, 289, 293, 297, 298, 300, 301, 304, 306, 310, 314, 316, 317, 318, 322, 326, 333, 340, 341, 347, 359
10, 11, 12, 13, 14, 15, 70, 71, 138, 139, 171, 220, 221, 237, 246, 247, 250, 251, 257, 259, 261, 262, 266, 267, 271, 272, 274, 279, 280, 281, 282, 286, 287, 288, 289, 292, 293, 294, 295, 298, 299, 300, 301, 302, 303, 310, 311, 312, 313, 314, 316, 318, 319, 321, 322, 326, 333, 338, 339, 340, 341, 342, 345, 347, 351, 352, 359, 362, 364, 365
10, 11, 222, 244, 248, 250, 255, 256, 257, 258, 262, 263, 264, 265, 266, 269, 272, 285, 298, 355
59, 84, 85, 230, 235, 244, 246, 247, 248, 250, 251, 252, 257, 258, 263, 264, 265, 266, 271, 272, 273, 274, 275, 282, 283, 293, 298, 299, 300, 309, 355
0, 1, 2, 7, 8, 11, 12, 13, 16, 17, 18, 21, 23, 24, 26, 27, 29, 34, 36, 98, 99, 241, 245, 248, 249, 250, 251, 252, 257, 258, 261, 263, 264, 265, 271, 272, 273, 276, 280, 281, 282, 283, 286, 287, 288, 289, 290, 293, 297, 300, 302, 303, 309, 311, 312, 313, 316, 319, 320, 324, 325, 326, 327, 328, 329, 330, 331, 332, 337, 338, 357, 358, 365
35, 62, 63, 66, 69, 85, 88, 89, 92, 236, 244, 248, 249, 250, 253, 254, 257, 258, 259, 260, 266, 267, 268, 269, 271, 272, 312, 313, 320, 326, 330, 331, 332, 333
0, 1, 2, 3, 4, 5, 10, 14, 25, 32, 35, 36, 43, 44, 49, 65, 101, 240, 242, 243, 246, 247, 248, 250, 251, 254, 255, 258, 260, 267, 268, 269, 270, 271, 272, 273, 274, 275, 277, 290, 295, 300, 301, 312, 315, 318
6, 14, 15, 55, 56, 69, 70, 71, 72, 74, 75, 81, 86, 90, 226, 241, 242, 248, 249, 250, 251, 252, 253, 254, 257, 262, 263, 264, 265, 266, 267, 268, 269, 272, 273, 274, 275, 279, 282, 283, 301
56, 75, 76, 102, 230, 231, 246, 247, 256, 260, 262, 263, 264, 265, 266, 269, 271, 272, 274, 275, 277, 281, 282, 286, 287, 291, 292, 350, 351
10, 11, 12, 13, 14, 15, 16, 17, 18, 19, 20, 21, 22, 23, 24, 28, 30, 31, 32, 95, 96, 211, 212, 225, 227, 228, 229, 238, 239, 241, 242, 245, 246, 249, 250, 251, 252, 257, 263, 264, 268, 269, 274, 275, 280, 293, 294, 340, 342, 351, 352, 358, 359, 362, 363, 365
0, 1, 2, 3, 4, 6, 7, 10, 11, 13, 14, 20, 21, 22, 31, 32, 39, 40, 51, 52, 62, 63, 65, 66, 70, 72, 73, 129, 229, 243, 244, 248, 254, 255, 259, 261, 262, 263, 264, 265, 268, 269, 270, 271, 272, 273, 276, 281, 282, 283, 289, 290, 306, 307
214, 215, 230, 237, 245, 246, 247, 248, 249, 259, 261, 262, 263, 264, 265, 266, 267, 268, 269, 272, 277, 278, 279, 282, 294, 298, 309, 313, 336, 356
59, 228, 245, 246, 247, 248, 252, 260, 261, 262, 267, 268, 269, 272, 275, 276, 278, 279, 280, 286, 288, 297, 298, 300, 303, 304, 305, 306, 307, 308, 314, 317, 326, 334, 340, 341, 342, 347
19, 20, 22, 31, 32, 36, 37, 41, 51, 238, 239, 250, 251, 252, 253, 254, 256, 261, 262, 263, 265, 269, 270, 276, 283, 285, 297, 336, 347, 348, 350, 351, 352, 353, 354, 355, 356, 357, 361, 362
69, 242, 249, 250, 252, 256, 263, 264, 267, 268, 281, 288, 289, 290, 296, 298, 303, 304, 309, 351, 352, 355, 362, 363, 365
12, 15, 18, 22, 23, 24, 43, 51, 52, 77, 252, 261, 262, 263, 264, 265, 266, 268, 269, 270, 271, 272, 273, 274, 275, 279, 280, 286, 363, 364
1, 2, 3, 4, 5, 6, 8, 9, 10, 11, 13, 15, 20, 21, 22, 52, 57, 63, 64, 65, 74, 82, 90, 92, 93, 94, 96, 97, 100, 137, 170, 250, 260, 264, 266, 267, 270, 271, 272, 278, 310, 311, 346, 347, 353, 363, 364
48, 217, 220, 221, 253, 257, 265, 266, 267, 268, 269, 270, 272, 274, 275, 279, 280, 285, 332, 364, 365
257
